/*
SQLyog 企业版 - MySQL GUI v8.14 
MySQL - 5.5.5-10.5.12-MariaDB : Database - mall
*********************************************************************
*/

/*!40101 SET NAMES utf8 */;

/*!40101 SET SQL_MODE=''*/;

/*!40014 SET @OLD_UNIQUE_CHECKS=@@UNIQUE_CHECKS, UNIQUE_CHECKS=0 */;
/*!40014 SET @OLD_FOREIGN_KEY_CHECKS=@@FOREIGN_KEY_CHECKS, FOREIGN_KEY_CHECKS=0 */;
/*!40101 SET @OLD_SQL_MODE=@@SQL_MODE, SQL_MODE='NO_AUTO_VALUE_ON_ZERO' */;
/*!40111 SET @OLD_SQL_NOTES=@@SQL_NOTES, SQL_NOTES=0 */;
CREATE DATABASE /*!32312 IF NOT EXISTS*/`mall` /*!40100 DEFAULT CHARACTER SET utf8 */;

USE `mall`;

/*Table structure for table `cart` */

DROP TABLE IF EXISTS `cart`;

CREATE TABLE `cart` (
  `cart_id` bigint(11) NOT NULL AUTO_INCREMENT COMMENT '每一条购物车中的记录ID',
  `user_id` bigint(11) NOT NULL COMMENT '这条购物车物品属于的用户id',
  `product_id` bigint(11) DEFAULT NULL COMMENT '这条购物车记录的物品ID',
  `count` bigint(20) DEFAULT 1 COMMENT '物品数量（>=1）',
  PRIMARY KEY (`cart_id`) USING BTREE
) ENGINE=InnoDB AUTO_INCREMENT=97 DEFAULT CHARSET=utf8 COLLATE=utf8_unicode_ci ROW_FORMAT=DYNAMIC;

/*Data for the table `cart` */

insert  into `cart`(`cart_id`,`user_id`,`product_id`,`count`) values (6,2,1,3),(8,2,2,1),(15,4,3,1),(16,4,1,1),(87,3,120,1),(88,3,15,1),(89,3,51,1),(94,3,123,2),(95,3,61,10);

/*Table structure for table `comment` */

DROP TABLE IF EXISTS `comment`;

CREATE TABLE `comment` (
  `comment_id` bigint(11) NOT NULL AUTO_INCREMENT COMMENT '此条评论ID',
  `product_id` bigint(11) NOT NULL COMMENT '评论所属商品的ID',
  `comment_text` varchar(255) COLLATE utf8_unicode_ci NOT NULL COMMENT '商品内容',
  `comment_time` timestamp NOT NULL DEFAULT current_timestamp() COMMENT '评论时间',
  `user_id` bigint(11) DEFAULT NULL COMMENT '评论用户',
  PRIMARY KEY (`comment_id`) USING BTREE
) ENGINE=InnoDB AUTO_INCREMENT=38 DEFAULT CHARSET=utf8 COLLATE=utf8_unicode_ci ROW_FORMAT=DYNAMIC;

/*Data for the table `comment` */

insert  into `comment`(`comment_id`,`product_id`,`comment_text`,`comment_time`,`user_id`) values (5,3,'非常好看的一本书，值得推荐！','2021-12-11 15:20:04',1),(10,2,'6666','2021-12-24 00:15:46',3),(32,1,'**','2022-04-08 10:21:17',3),(35,51,'*','2022-04-12 10:33:00',3),(37,61,'真棒这个书','2022-04-14 10:53:58',63);

/*Table structure for table `countdown` */

DROP TABLE IF EXISTS `countdown`;

CREATE TABLE `countdown` (
  `id` int(11) NOT NULL DEFAULT 1,
  `new_time` timestamp NOT NULL DEFAULT current_timestamp() ON UPDATE current_timestamp(),
  `update_time` timestamp NOT NULL DEFAULT '0000-00-00 00:00:00',
  `now_time` timestamp NOT NULL DEFAULT '0000-00-00 00:00:00',
  PRIMARY KEY (`id`) USING BTREE
) ENGINE=InnoDB DEFAULT CHARSET=utf8 COLLATE=utf8_unicode_ci ROW_FORMAT=DYNAMIC;

/*Data for the table `countdown` */

insert  into `countdown`(`id`,`new_time`,`update_time`,`now_time`) values (1,'2022-04-14 11:00:00','1970-01-01 08:05:56','2022-04-14 09:51:06');

/*Table structure for table `like` */

DROP TABLE IF EXISTS `like`;

CREATE TABLE `like` (
  `like_id` bigint(11) NOT NULL AUTO_INCREMENT COMMENT '收藏信息ID',
  `product_id` bigint(11) DEFAULT NULL COMMENT '所收藏的商品的ID',
  `user_id` bigint(11) DEFAULT NULL COMMENT '收藏这件商品的客户的ID',
  `like_time` timestamp NULL DEFAULT current_timestamp() COMMENT '收藏时间',
  PRIMARY KEY (`like_id`) USING BTREE
) ENGINE=InnoDB AUTO_INCREMENT=30 DEFAULT CHARSET=utf8 COLLATE=utf8_unicode_ci ROW_FORMAT=DYNAMIC;

/*Data for the table `like` */

insert  into `like`(`like_id`,`product_id`,`user_id`,`like_time`) values (22,2,3,'2022-03-23 19:23:33'),(27,5,10,'2022-03-24 13:21:35'),(28,51,3,'2022-04-11 09:02:32'),(29,15,3,'2022-04-13 23:45:31');

/*Table structure for table `notice` */

DROP TABLE IF EXISTS `notice`;

CREATE TABLE `notice` (
  `id` int(11) NOT NULL COMMENT '公告ID',
  `create_time` timestamp NULL DEFAULT current_timestamp() COMMENT '创建时间',
  `update_time` timestamp NULL DEFAULT current_timestamp() ON UPDATE current_timestamp() COMMENT '更新时间',
  `text` varchar(255) COLLATE utf8_unicode_ci DEFAULT NULL COMMENT '公告内容',
  PRIMARY KEY (`id`) USING BTREE
) ENGINE=InnoDB DEFAULT CHARSET=utf8 COLLATE=utf8_unicode_ci ROW_FORMAT=DYNAMIC;

/*Data for the table `notice` */

insert  into `notice`(`id`,`create_time`,`update_time`,`text`) values (1,'2022-03-20 10:17:24','2022-04-11 16:44:00','欢迎大家观看此次项目发布会~');

/*Table structure for table `order` */

DROP TABLE IF EXISTS `order`;

CREATE TABLE `order` (
  `all_id` bigint(20) unsigned NOT NULL AUTO_INCREMENT,
  `order_number_all` varchar(255) NOT NULL COMMENT '总订单号',
  `order_number` varchar(255) NOT NULL COMMENT '订单号',
  `money` decimal(10,2) NOT NULL COMMENT '金额',
  `create_time` datetime NOT NULL COMMENT '创建时间',
  `update_time` datetime NOT NULL,
  `buy_id` bigint(11) DEFAULT NULL,
  `order_status` int(10) unsigned NOT NULL DEFAULT 0 COMMENT '订单状态，1表示已付钱，0表示未付钱',
  PRIMARY KEY (`all_id`)
) ENGINE=InnoDB AUTO_INCREMENT=48 DEFAULT CHARSET=utf8;

/*Data for the table `order` */

insert  into `order`(`all_id`,`order_number_all`,`order_number`,`money`,`create_time`,`update_time`,`buy_id`,`order_status`) values (1,'20220330151054550349','202203301510548741791','85.41','2022-03-30 15:10:54','2022-03-30 15:10:54',3,4),(2,'20220330151119096412','202203301511193427704','44.91','2022-03-30 15:11:19','2022-03-30 15:11:19',3,4),(3,'20220330151246388982','202203301512465646573,202203301512469590854,202203301512461035040','3182.64','2022-03-30 15:12:46','2022-03-30 15:12:46',3,2),(4,'20220330151401023822','202203301514015542605,202203301514013269804','1680.20','2022-03-30 15:14:01','2022-03-30 15:14:01',3,2),(5,'20220330151604130444','202203301516048816387','2.00','2022-03-30 15:16:04','2022-03-30 15:16:04',3,3),(6,'20220330173430905661','202203301734308180051','44.91','2022-03-30 17:34:30','2022-03-30 17:34:30',3,2),(7,'20220330174156590180','202203301741562957674,202203301741562363133','42.50','2022-03-30 17:41:56','2022-03-30 17:41:56',3,1),(8,'20220401111459914568','202204011114597010752','12.00','2022-04-01 11:14:59','2022-04-01 11:14:59',56,2),(9,'20220401111553131296','202204011115539373028','40.50','2022-04-01 11:15:53','2022-04-01 11:15:53',56,2),(10,'20220401170946503414','202204011709460761238','2999.00','2022-04-01 17:09:46','2022-04-01 17:09:46',56,3),(11,'20220401171013398763','202204011710136498115','2999.00','2022-04-01 17:10:13','2022-04-01 17:10:13',56,4),(12,'20220401171131873281','202204011711310190915','40.50','2022-04-01 17:11:31','2022-04-01 17:11:31',56,3),(13,'20220401185725458471','202204011857250268294','299900.00','2022-04-01 18:57:25','2022-04-01 18:57:25',56,2),(14,'20220402105216613537','202204021052169202058','40.50','2022-04-02 10:52:16','2022-04-02 10:52:16',3,3),(15,'20220402220313539964','202204022203136870752','364.50','2022-04-02 22:03:13','2022-04-02 22:03:13',3,3),(16,'20220402220446445394','202204022204466447373','44.91','2022-04-02 22:04:46','2022-04-02 22:04:46',3,2),(17,'20220402220548350846','202204022205483614553','44.91','2022-04-02 22:05:48','2022-04-02 22:05:48',3,2),(18,'20220406111659278622','202204061116598423697','44.91','2022-04-06 11:16:59','2022-04-06 11:16:59',3,2),(19,'20220406120723411094','202204061207234347362','44.91','2022-04-06 12:07:23','2022-04-06 12:07:23',3,2),(20,'20220406143845773028','202204061438450115671','40.50','2022-04-06 14:38:45','2022-04-06 14:38:45',3,2),(21,'20220409104310851456','202204091043103447770','13.30','2022-04-09 10:43:10','2022-04-09 10:43:10',3,1),(22,'20220409104336238425','202204091043362322636','39.90','2022-04-09 10:43:36','2022-04-09 10:43:36',3,2),(23,'20220411090421004553','202204110904216344053','72.00','2022-04-11 09:04:21','2022-04-11 09:04:21',3,4),(24,'20220411090608319088','202204110906085717815','202.50','2022-04-11 09:06:08','2022-04-11 09:06:08',3,2),(25,'20220412102955082155','202204121029554064719','72.00','2022-04-12 10:29:55','2022-04-12 10:29:55',3,3),(26,'20220412103322138607','202204121033224290218','100.50','2022-04-12 10:33:22','2022-04-12 10:33:22',3,2),(27,'20220412103404409079','202204121034049653620,202204121034047456230','2505.00','2022-04-12 10:34:04','2022-04-12 10:34:04',3,3),(28,'20220412103542618340','202204121035427842318,202204121035428078982','2887.00','2022-04-12 10:35:42','2022-04-12 10:35:42',3,4),(29,'20220412103712868199','202204121037120382504','75.00','2022-04-12 10:37:12','2022-04-12 10:37:12',3,3),(30,'20220412103749479864','202204121037497616720','144.00','2022-04-12 10:37:49','2022-04-12 10:37:49',3,4),(31,'20220412103914937368','202204121039148899263','45.00','2022-04-12 10:39:14','2022-04-12 10:39:14',3,4),(32,'20220412104032080359','202204121040322364997,202204121040320815732','5274.00','2022-04-12 10:40:32','2022-04-12 10:40:32',3,4),(33,'20220412104612337919','202204121046120839433','1.00','2022-04-12 10:46:12','2022-04-12 10:46:12',3,4),(34,'20220412105507651042','202204121055078340220','1.00','2022-04-12 10:55:07','2022-04-12 10:55:07',3,4),(35,'20220413171849279049','202204131718492892626','44.10','2022-04-13 17:18:49','2022-04-13 17:18:49',51,1),(36,'20220413234610256936','202204132346109478397','79.90','2022-04-13 23:46:10','2022-04-13 23:46:10',3,1),(37,'20220413234626317815','202204132346261953226','79.90','2022-04-13 23:46:26','2022-04-13 23:46:26',3,0),(38,'20220413234850934729','202204132348501299170','72.00','2022-04-13 23:48:50','2022-04-13 23:48:50',3,2),(39,'20220413235010717176','202204132350102705313,202204132350108358458','2843.10','2022-04-13 23:50:10','2022-04-13 23:50:10',51,3),(40,'20220413235411885264','202204132354114932646','72.00','2022-04-13 23:54:11','2022-04-13 23:54:11',51,2),(41,'20220413235618473403','202204132356182379310','72.00','2022-04-13 23:56:18','2022-04-13 23:56:18',51,2),(42,'20220413235657914593','202204132356574442723','72.00','2022-04-13 23:56:57','2022-04-13 23:56:57',51,2),(43,'20220414000446396644','202204140004465754200','11.00','2022-04-14 00:04:46','2022-04-14 00:04:46',3,4),(44,'20220414000519403746','202204140005196376492','11.00','2022-04-14 00:05:19','2022-04-14 00:05:19',3,2),(45,'20220414000604554096','202204140006041179403','11.00','2022-04-14 00:06:04','2022-04-14 00:06:04',3,2),(46,'20220414104936235504','202204141049367800754','720.00','2022-04-14 10:49:36','2022-04-14 10:49:36',63,2),(47,'20220414105252613292','202204141052521439211','144.00','2022-04-14 10:52:52','2022-04-14 10:52:52',63,3);

/*Table structure for table `order_detail` */

DROP TABLE IF EXISTS `order_detail`;

CREATE TABLE `order_detail` (
  `detail_id` bigint(20) unsigned NOT NULL AUTO_INCREMENT,
  `order_number` varchar(255) CHARACTER SET utf8 COLLATE utf8_unicode_ci NOT NULL COMMENT '订单编号',
  `product_id` bigint(32) unsigned NOT NULL,
  `count` int(11) NOT NULL COMMENT '商品数量',
  `create_time` datetime NOT NULL DEFAULT current_timestamp() COMMENT '创建时间',
  `update_time` datetime NOT NULL DEFAULT current_timestamp() ON UPDATE current_timestamp() COMMENT '修改时间',
  PRIMARY KEY (`detail_id`) USING BTREE
) ENGINE=InnoDB AUTO_INCREMENT=72 DEFAULT CHARSET=utf8 ROW_FORMAT=DYNAMIC COMMENT='订单明细表';

/*Data for the table `order_detail` */

insert  into `order_detail`(`detail_id`,`order_number`,`product_id`,`count`,`create_time`,`update_time`) values (1,'20220330151054550349',2,1,'2022-03-30 15:10:54','2022-03-30 15:10:54'),(2,'20220330151054550349',1,1,'2022-03-30 15:10:54','2022-03-30 15:10:54'),(3,'20220330151119096412',2,1,'2022-03-30 15:11:19','2022-03-30 15:11:19'),(4,'20220330151246388982',2,4,'2022-03-30 15:12:46','2022-03-30 15:12:46'),(5,'20220330151246388982',46,2,'2022-03-30 15:12:46','2022-03-30 15:12:46'),(6,'20220330151246388982',47,1,'2022-03-30 15:12:46','2022-03-30 15:12:46'),(7,'20220330151246388982',3,1,'2022-03-30 15:12:46','2022-03-30 15:12:46'),(8,'20220330151401023822',16,1,'2022-03-30 15:14:01','2022-03-30 15:14:01'),(9,'20220330151401023822',46,1,'2022-03-30 15:14:01','2022-03-30 15:14:01'),(10,'20220330151604130444',47,1,'2022-03-30 15:16:04','2022-03-30 15:16:04'),(11,'20220330173430905661',2,1,'2022-03-30 17:34:30','2022-03-30 17:34:30'),(12,'20220330173430905661',46,1,'2022-03-30 17:34:30','2022-03-30 17:34:30'),(13,'20220330174156590180',47,1,'2022-03-30 17:41:56','2022-03-30 17:41:56'),(14,'20220330174156590180',1,1,'2022-03-30 17:41:56','2022-03-30 17:41:56'),(15,'20220401111459914568',4,1,'2022-04-01 11:14:59','2022-04-01 11:14:59'),(16,'20220401111553131296',1,1,'2022-04-01 11:15:53','2022-04-01 11:15:53'),(17,'20220401170946503414',3,1,'2022-04-01 17:09:46','2022-04-01 17:09:46'),(18,'20220401171013398763',3,1,'2022-04-01 17:10:13','2022-04-01 17:10:13'),(19,'20220401171131873281',1,1,'2022-04-01 17:11:31','2022-04-01 17:11:31'),(20,'20220401185654699602',3,1,'2022-04-01 18:56:54','2022-04-01 18:56:54'),(21,'20220401185725458471',3,100,'2022-04-01 18:57:25','2022-04-01 18:57:25'),(22,'20220402095327253377',1,1,'2022-04-02 09:53:27','2022-04-02 09:53:27'),(23,'20220402095525808913',15,1,'2022-04-02 09:55:25','2022-04-02 09:55:25'),(24,'20220402095547582462',15,1,'2022-04-02 09:55:47','2022-04-02 09:55:47'),(25,'20220402095630396109',15,1,'2022-04-02 09:56:30','2022-04-02 09:56:30'),(26,'20220402100208044994',2,1,'2022-04-02 10:02:08','2022-04-02 10:02:08'),(27,'20220402100907712573',2,1,'2022-04-02 10:09:07','2022-04-02 10:09:07'),(28,'20220402101103200123',2,1,'2022-04-02 10:11:03','2022-04-02 10:11:03'),(29,'20220402102121336830',1,1,'2022-04-02 10:21:21','2022-04-02 10:21:21'),(30,'20220402102155230904',2,1,'2022-04-02 10:21:55','2022-04-02 10:21:55'),(31,'20220402102742592380',2,1,'2022-04-02 10:27:42','2022-04-02 10:27:42'),(32,'20220402105216613537',1,1,'2022-04-02 10:52:16','2022-04-02 10:52:16'),(33,'20220402220313539964',1,9,'2022-04-02 22:03:13','2022-04-02 22:03:13'),(34,'20220402220446445394',2,1,'2022-04-02 22:04:46','2022-04-02 22:04:46'),(35,'20220402220548350846',2,1,'2022-04-02 22:05:48','2022-04-02 22:05:48'),(36,'20220406111659278622',2,1,'2022-04-06 11:16:59','2022-04-06 11:16:59'),(37,'20220406120723411094',2,1,'2022-04-06 12:07:23','2022-04-06 12:07:23'),(38,'20220406143845773028',1,1,'2022-04-06 14:38:45','2022-04-06 14:38:45'),(39,'20220409104310851456',89,1,'2022-04-09 10:43:10','2022-04-09 10:43:10'),(40,'20220409104336238425',89,3,'2022-04-09 10:43:36','2022-04-09 10:43:36'),(41,'20220411090421004553',51,1,'2022-04-11 09:04:21','2022-04-11 09:04:21'),(42,'20220411090608319088',1,5,'2022-04-11 09:06:08','2022-04-11 09:06:08'),(43,'20220412102955082155',51,1,'2022-04-12 10:29:55','2022-04-12 10:29:55'),(44,'20220412103322138607',1,1,'2022-04-12 10:33:22','2022-04-12 10:33:22'),(45,'20220412103322138607',57,1,'2022-04-12 10:33:22','2022-04-12 10:33:22'),(46,'20220412103404409079',59,1,'2022-04-12 10:34:04','2022-04-12 10:34:04'),(47,'20220412103404409079',53,1,'2022-04-12 10:34:04','2022-04-12 10:34:04'),(48,'20220412103542618340',60,1,'2022-04-12 10:35:42','2022-04-12 10:35:42'),(49,'20220412103542618340',54,1,'2022-04-12 10:35:42','2022-04-12 10:35:42'),(50,'20220412103712868199',59,1,'2022-04-12 10:37:12','2022-04-12 10:37:12'),(51,'20220412103749479864',61,1,'2022-04-12 10:37:49','2022-04-12 10:37:49'),(52,'20220412103914937368',62,1,'2022-04-12 10:39:14','2022-04-12 10:39:14'),(53,'20220412103914937368',54,1,'2022-04-12 10:39:14','2022-04-12 10:39:14'),(54,'20220412104032080359',55,1,'2022-04-12 10:40:32','2022-04-12 10:40:32'),(55,'20220412104032080359',59,1,'2022-04-12 10:40:32','2022-04-12 10:40:32'),(56,'20220412104612337919',120,1,'2022-04-12 10:46:12','2022-04-12 10:46:12'),(57,'20220412105507651042',121,1,'2022-04-12 10:55:07','2022-04-12 10:55:07'),(58,'20220413171849279049',2,1,'2022-04-13 17:18:49','2022-04-13 17:18:49'),(59,'20220413234610256936',15,1,'2022-04-13 23:46:10','2022-04-13 23:46:10'),(60,'20220413234626317815',15,1,'2022-04-13 23:46:26','2022-04-13 23:46:26'),(61,'20220413234850934729',51,1,'2022-04-13 23:48:50','2022-04-13 23:48:50'),(62,'20220413235010717176',2,1,'2022-04-13 23:50:10','2022-04-13 23:50:10'),(63,'20220413235010717176',54,1,'2022-04-13 23:50:10','2022-04-13 23:50:10'),(64,'20220413235411885264',51,1,'2022-04-13 23:54:11','2022-04-13 23:54:11'),(65,'20220413235618473403',51,1,'2022-04-13 23:56:18','2022-04-13 23:56:18'),(66,'20220413235657914593',51,1,'2022-04-13 23:56:57','2022-04-13 23:56:57'),(67,'20220414000446396644',123,1,'2022-04-14 00:04:46','2022-04-14 00:04:46'),(68,'20220414000519403746',123,1,'2022-04-14 00:05:19','2022-04-14 00:05:19'),(69,'20220414000604554096',123,1,'2022-04-14 00:06:04','2022-04-14 00:06:04'),(70,'20220414104936235504',61,5,'2022-04-14 10:49:36','2022-04-14 10:49:36'),(71,'20220414105252613292',61,1,'2022-04-14 10:52:52','2022-04-14 10:52:52');

/*Table structure for table `order_master` */

DROP TABLE IF EXISTS `order_master`;

CREATE TABLE `order_master` (
  `order_id` int(10) unsigned NOT NULL AUTO_INCREMENT COMMENT '订单ID',
  `order_number` varchar(255) COLLATE utf8_unicode_ci NOT NULL COMMENT '订单编号，前端生成',
  `buyer_id` int(11) NOT NULL COMMENT '买主ID',
  `order_amount` decimal(10,2) NOT NULL COMMENT '订单总额',
  `order_status` int(10) unsigned NOT NULL DEFAULT 0 COMMENT '订单状态，1表示已付钱，0表示未付钱',
  `create_time` datetime NOT NULL DEFAULT current_timestamp() COMMENT '订单创建时间',
  `update_time` datetime NOT NULL DEFAULT current_timestamp() ON UPDATE current_timestamp() COMMENT '订单更新时间',
  `shop_id` int(11) NOT NULL,
  PRIMARY KEY (`order_id`) USING BTREE
) ENGINE=InnoDB AUTO_INCREMENT=56 DEFAULT CHARSET=utf8 COLLATE=utf8_unicode_ci ROW_FORMAT=DYNAMIC;

/*Data for the table `order_master` */

insert  into `order_master`(`order_id`,`order_number`,`buyer_id`,`order_amount`,`order_status`,`create_time`,`update_time`,`shop_id`) values (1,'202203301510548741791',3,'85.41',2,'2022-03-30 15:10:54','2022-04-02 10:27:30',1),(2,'202203301511193427704',3,'44.91',2,'2022-03-30 15:11:19','2022-04-02 10:27:29',1),(3,'202203301512465646573',3,'3178.64',2,'2022-03-30 15:12:46','2022-03-30 15:13:28',1),(4,'202203301512469590854',3,'2.00',2,'2022-03-30 15:12:46','2022-03-30 15:13:28',12),(5,'202203301512461035040',3,'2.00',2,'2022-03-30 15:12:46','2022-03-30 15:13:28',13),(6,'202203301514015542605',3,'1679.20',2,'2022-03-30 15:14:01','2022-04-13 16:42:31',1),(7,'202203301514013269804',3,'1.00',2,'2022-03-30 15:14:01','2022-04-13 16:42:31',12),(8,'202203301516048816387',3,'2.00',3,'2022-03-30 15:16:04','2022-03-30 15:16:39',13),(9,'202203301734308180051',3,'44.91',2,'2022-03-30 17:34:30','2022-04-02 22:04:08',1),(10,'202203301741562957674',3,'40.50',3,'2022-03-30 17:41:56','2022-04-02 22:04:02',1),(11,'202203301741562363133',3,'2.00',2,'2022-03-30 17:41:56','2022-04-08 15:41:36',13),(12,'202204011114597010752',56,'12.00',2,'2022-04-01 11:14:59','2022-04-02 22:04:31',1),(13,'202204011115539373028',56,'40.50',2,'2022-04-01 11:15:53','2022-04-02 22:04:25',1),(14,'202204011709460761238',56,'2999.00',3,'2022-04-01 17:09:46','2022-04-02 22:03:57',1),(15,'202204011710136498115',56,'2999.00',2,'2022-04-01 17:10:13','2022-04-01 18:56:13',1),(16,'202204011711310190915',56,'40.50',3,'2022-04-01 17:11:31','2022-04-01 17:11:55',1),(17,'202204011857250268294',56,'299900.00',2,'2022-04-01 18:57:25','2022-04-02 22:03:51',1),(18,'202204021052169202058',3,'40.50',3,'2022-04-02 10:52:16','2022-04-02 10:52:42',1),(19,'202204022203136870752',3,'364.50',3,'2022-04-02 22:03:13','2022-04-02 22:03:47',1),(20,'202204022204466447373',3,'44.91',2,'2022-04-02 22:04:46','2022-04-02 22:05:09',1),(21,'202204022205483614553',3,'44.91',2,'2022-04-02 22:05:48','2022-04-02 22:06:36',1),(22,'202204061116598423697',3,'44.91',2,'2022-04-06 11:16:59','2022-04-11 09:22:59',1),(23,'202204061207234347362',3,'44.91',2,'2022-04-06 12:07:23','2022-04-11 09:08:41',1),(24,'202204061438450115671',3,'40.50',2,'2022-04-06 14:38:45','2022-04-11 09:04:59',1),(25,'202204091043103447770',3,'13.30',1,'2022-04-09 10:43:10','2022-04-09 10:43:16',19),(26,'202204091043362322636',3,'39.90',2,'2022-04-09 10:43:36','2022-04-13 16:42:14',19),(27,'202204110904216344053',3,'72.00',2,'2022-04-11 09:04:21','2022-04-11 09:04:28',1),(28,'202204110906085717815',3,'202.50',2,'2022-04-11 09:06:08','2022-04-11 09:06:48',1),(29,'202204121029554064719',3,'72.00',3,'2022-04-12 10:29:55','2022-04-12 10:30:35',1),(30,'202204121033224290218',3,'100.50',2,'2022-04-12 10:33:22','2022-04-12 10:47:28',1),(31,'202204121034049653620',3,'75.00',3,'2022-04-12 10:34:04','2022-04-12 10:35:14',1),(32,'202204121034047456230',3,'2430.00',3,'2022-04-12 10:34:04','2022-04-12 10:35:04',15),(33,'202204121035427842318',3,'88.00',2,'2022-04-12 10:35:42','2022-04-12 10:35:55',1),(34,'202204121035428078982',3,'2799.00',2,'2022-04-12 10:35:42','2022-04-12 10:36:10',15),(35,'202204121037120382504',3,'75.00',3,'2022-04-12 10:37:12','2022-04-12 10:37:38',1),(36,'202204121037497616720',3,'144.00',2,'2022-04-12 10:37:49','2022-04-12 10:38:15',1),(37,'202204121039148899263',3,'45.00',2,'2022-04-12 10:39:14','2022-04-12 10:40:02',1),(38,'202204121040322364997',3,'75.00',2,'2022-04-12 10:40:32','2022-04-12 10:43:30',1),(39,'202204121040320815732',3,'5199.00',2,'2022-04-12 10:40:32','2022-04-12 10:40:59',15),(40,'202204121046120839433',3,'1.00',2,'2022-04-12 10:46:12','2022-04-12 10:46:42',1),(41,'202204121055078340220',3,'1.00',2,'2022-04-12 10:55:07','2022-04-12 11:04:30',1),(42,'202204131718492892626',51,'44.10',1,'2022-04-13 17:18:49','2022-04-13 17:19:54',1),(43,'202204132346109478397',3,'79.90',1,'2022-04-13 23:46:10','2022-04-13 23:46:17',1),(44,'202204132346261953226',3,'79.90',0,'2022-04-13 23:46:26','2022-04-13 23:46:26',1),(45,'202204132348501299170',3,'72.00',2,'2022-04-13 23:48:50','2022-04-13 23:48:57',1),(46,'202204132350102705313',51,'44.10',3,'2022-04-13 23:50:10','2022-04-13 23:52:45',1),(47,'202204132350108358458',51,'2799.00',3,'2022-04-13 23:50:10','2022-04-13 23:53:30',15),(48,'202204132354114932646',51,'72.00',2,'2022-04-13 23:54:11','2022-04-13 23:55:26',1),(49,'202204132356182379310',51,'72.00',2,'2022-04-13 23:56:18','2022-04-13 23:56:35',1),(50,'202204132356574442723',51,'72.00',2,'2022-04-13 23:56:57','2022-04-13 23:57:21',1),(51,'202204140004465754200',3,'11.00',2,'2022-04-14 00:04:46','2022-04-14 00:05:02',22),(52,'202204140005196376492',3,'11.00',2,'2022-04-14 00:05:19','2022-04-14 00:05:33',22),(53,'202204140006041179403',3,'11.00',2,'2022-04-14 00:06:04','2022-04-14 00:07:10',22),(54,'202204141049367800754',63,'720.00',2,'2022-04-14 10:49:36','2022-04-14 10:51:21',1),(55,'202204141052521439211',63,'144.00',3,'2022-04-14 10:52:52','2022-04-14 10:53:14',1);

/*Table structure for table `product` */

DROP TABLE IF EXISTS `product`;

CREATE TABLE `product` (
  `product_id` bigint(11) NOT NULL AUTO_INCREMENT COMMENT '商品ID',
  `product_name` varchar(255) COLLATE utf8_unicode_ci NOT NULL DEFAULT '' COMMENT '商品名称',
  `create_time` timestamp NOT NULL DEFAULT current_timestamp() COMMENT '上架时间',
  `product_price` decimal(10,2) NOT NULL COMMENT '单价',
  `discount` decimal(10,2) DEFAULT 1.00 COMMENT '商品折扣',
  `left` bigint(20) DEFAULT 999 COMMENT '商品剩余量',
  `sold` bigint(255) DEFAULT 0 COMMENT '已售量',
  `rate` decimal(10,2) unsigned DEFAULT 5.00 COMMENT '商品评分',
  `img_src` varchar(255) COLLATE utf8_unicode_ci DEFAULT '' COMMENT '商品图片',
  `product_desc` varchar(255) COLLATE utf8_unicode_ci DEFAULT '' COMMENT '商品描述',
  `category_id` bigint(11) NOT NULL COMMENT '商品所属分类',
  `shop_id` bigint(20) NOT NULL COMMENT '商品所属店的id',
  `weight` double DEFAULT NULL COMMENT '商品重量',
  PRIMARY KEY (`product_id`) USING BTREE
) ENGINE=InnoDB AUTO_INCREMENT=124 DEFAULT CHARSET=utf8 COLLATE=utf8_unicode_ci ROW_FORMAT=DYNAMIC;

/*Data for the table `product` */

insert  into `product`(`product_id`,`product_name`,`create_time`,`product_price`,`discount`,`left`,`sold`,`rate`,`img_src`,`product_desc`,`category_id`,`shop_id`,`weight`) values (1,'《三体全集》','2021-12-08 19:30:48','45.00','0.90',981,119,'4.90','http://127.0.0.1:8090/files/3ca7f05afc8242c6af20d3621fbbf810_book1','《三体》第73届世界科幻雨果奖获奖作品，银河奖特别奖，《三体3》轨迹奖长篇科幻小说！2017年世界雨果奖提名作品',2,1,0.5),(2,'《西游记》','2021-12-07 19:32:34','49.00','0.90',992,784,'4.90','http://127.0.0.1:8090/files/202204088a64f051-2d7f-4e30-88f1-73f18b75f28f西游记.jpg','《西游记》通过神话的形式，曲折地反映出现实的社会矛盾，表现了人民群众惩恶扬善的愿望和要求。另外为便于读者阅读，本书选配了名家戴敦邦所绘彩色插图附于书中，同时编制了“西游取经历难平妖简表”。',2,1,0.5),(15,'《Java从入门到精通》','2022-03-20 18:01:51','79.90','1.00',999,418,'5.00','http://127.0.0.1:8090/files/f3f7ba8f480d4f58a5d7de16371732d4','Java入门经典，销售12年，80万Java程序员选择，210集教学视频+211个应用示例+151个编程训练+94个综合训练+在线答疑，Java核心技术　团购电话4006186622',2,1,0.95),(51,'《红楼梦》','2022-04-08 15:21:04','80.00','0.90',996,303,'5.00','http://127.0.0.1:8090/files/20220408baf093ca-51d5-41c8-8800-90d9cbb7839f红楼梦.jpg','红楼梦原著版（套装上下册）（全两册）（中国古典文学读本丛书，1-9年级必读书单）',2,1,1),(52,'小米投影仪','2022-04-08 15:23:29','5000.00','0.90',200,267,'5.00','http://127.0.0.1:8090/files/20220408e7fb565d-2282-4552-bea2-ea544907eb11投影仪.jpg','小米 米家投影仪青春版2 家用投影仪 投影机 家庭影院 （功能升级 侧投校正 开机自动对焦 杜比音响）',3,15,2),(53,'小米空调','2022-04-08 15:25:44','2700.00','0.90',99,227,'5.00','http://127.0.0.1:8090/files/20220408461a0c49-4ff3-4b45-b7c5-a1bfd835d9db小米空调.jpg','米家 小米空调 2匹 新一级能效 变频冷暖 智能互联 壁挂式卧室挂机 KFR-50GW/D1A1 鎏金版',3,15,12),(54,'米家双开门冰箱','2022-04-08 15:33:01','2799.00','1.00',118,307,'5.00','http://127.0.0.1:8090/files/202204082c2f0c25-b57b-4f24-b871-5dcf62c95142小米冰箱.jpg','米家小米出品540升变频一级能效 对开门大容量家用电冰箱 风冷无霜米家APP控制小爱语音遥控 BCD-540WMSA',3,15,20),(55,'小米12 Pro','2022-04-08 15:38:03','5199.00','1.00',99,143,'5.00','http://127.0.0.1:8090/files/20220408782a3dc4-303a-49a1-aaa3-5ee4cb070889手机.jpg','小米12 Pro 骁龙8 Gen1 2K AMOLED 120Hz高刷 5000万疾速影像 120W小米澎湃秒充 12GB+256GB 黑色 5G手机',5,15,0.71),(56,'小米滚筒洗衣机','2022-04-08 15:39:42','1899.00','1.00',200,296,'5.00','http://127.0.0.1:8090/files/2022040866685d49-8880-41b1-849d-cf70cf0678c4洗衣机.jpg','\n米家小米出品 尊享版10kg滚筒洗衣机全自动 直驱变频低噪节能高温除菌除螨 XQG100MJ102S米家小米出品 尊享版10kg滚筒洗衣机全自动 ',3,15,78),(57,'《三国演义》','2022-04-08 15:44:08','60.00','1.00',999,469,'5.00','http://127.0.0.1:8090/files/202204089345f198-f41c-4d5a-ae7c-58fd4303503a三国.jpg','三国演义（上下册）（四大名著原著大字本：《语文》推荐阅读丛书 ）',2,1,1.2),(58,'《水浒传》','2022-04-08 15:45:18','50.00','1.00',1000,352,'5.00','http://127.0.0.1:8090/files/2022040891a61691-0158-4b70-8566-ce1ee3df6409水浒传.jpg','水浒传（上中下3册）（四大名著原著大字本：《语文》推荐阅读丛书 ）',2,1,1.3),(59,'《活着》','2022-04-08 15:47:42','75.00','1.00',197,197,'5.00','http://127.0.0.1:8090/files/2022040836ebc349-d81b-4b25-9690-175c6ccad51e活着.jpg','余华：活着（精装版，余华代表作，易烊千玺推荐阅读 2021新版，随机赠珍藏复刻手稿）',2,1,1.1),(60,'《鬼谷子》','2022-04-08 15:48:47','88.00','1.00',999,457,'5.00','http://127.0.0.1:8090/files/202204081f5d0689-4fa3-41e4-bfb0-f582072392ad鬼谷子.jpg','受益一生的5本书（新版）鬼谷子+狼道+墨菲定律+羊皮卷+人性的弱点',2,1,1.5),(61,'《图解HTTP》','2022-04-08 15:51:24','160.00','0.90',142,507,'5.00','http://127.0.0.1:8090/files/20220408661550ac-8611-4d6c-b01c-4c127ce26102http.jpg','图解HTTP + 图解TCP/IP + 图解网络硬件（套装共3册，京东）（图灵出品）',2,1,2.5),(62,'《机器人短篇全集》','2022-04-08 15:52:40','45.00','1.00',99,145,'5.00','http://127.0.0.1:8090/files/202204083f9066ef-898a-4983-8123-e98668f563d9机器人短篇.jpg','阿西莫夫：机器人短篇全集',2,1,1.8),(63,'《偏见的本质》','2022-04-08 15:55:37','99.80','1.00',999,198,'5.00','http://127.0.0.1:8090/files/2022040886549f34-b264-4601-8720-75b0cb5e5c57偏见的本质.jpg','智慧宫008·偏见的本质',2,1,2.3),(64,'小米电视EA40（黑)','2022-04-08 15:58:08','899.00','1.00',999,104,'5.00','http://127.0.0.1:8090/files/20220408451e6a58-7651-41b9-8b11-4458cf9b6713电视.jpg','小米电视EA40（黑） 2022款 40英寸 金属全面屏 蓝牙语音 全高清 人工智能平板教育电视机',3,15,8),(65,'美的挂式空调','2022-04-08 16:09:59','2599.00','1.00',200,403,'5.00','http://127.0.0.1:8090/files/202204084dee2f67-69f2-4563-aea5-493f73cd9508空调.jpg','美的（Midea）空调挂机 新一级能效 全直流变频 冷暖两用 四代自清洁 家用省电壁挂式空调 大1匹 冷静星II【双节能模式 高性价比】',3,17,6.6),(66,'九阳家用榨汁机','2022-04-08 16:18:26','299.00','1.00',99,304,'5.00','http://127.0.0.1:8090/files/202204081cf7917f-77d8-44b6-9e7f-8a505a16a06c榨汁机.jpg',' 九阳（Joyoung）肖战推荐 破壁机家用多功能加热破壁豆浆机果汁机早餐机榨汁机辅食机L13-Y91S',3,17,3.3),(67,'小米电水壶','2022-04-08 16:21:18','69.90','1.00',99,449,'5.00','http://127.0.0.1:8090/files/20220408325907e5-54e2-441d-9369-372215ad5b76小米电水壶.jpg','米家小米自营电水壶热水壶电热水壶304不锈钢1800W暖水壶烧水壶开水壶智能断电',3,15,1.6),(68,'Midea微波炉','2022-04-08 16:28:23','378.00','0.90',99,329,'5.00','http://127.0.0.1:8090/files/202204082d832f54-5d74-4ae1-9e18-77b7fdf39ce9微波炉.jpg','美的（Midea）快捷家用微波炉 微电脑操控 转盘加热 智能菜单 一键解冻 电子除味 薄膜按键20升 M1-L213C',3,17,2.5),(69,'美的洗碗机','2022-04-08 16:31:24','4399.00','1.00',99,150,'5.00','http://127.0.0.1:8090/files/20220408d5515bfe-1560-4153-985f-515b4740e0df洗衣机.jpg','美的（Midea）10套 元气洗碗机 三星消毒 变频洗碗机 热风烘干 智能家电 嵌入式 家用全自动刷碗机V8',3,17,20),(70,'舒肤佳洗手液','2022-04-08 16:35:48','20.00','1.00',999,438,'5.00','http://127.0.0.1:8090/files/2022040824420696-b977-4e4b-93c4-13557770958c舒肤佳.jpg','舒肤佳洗手液特惠装 纯白清香420ml+柠檬420ml (99.9% 温和洁净)',4,13,0.84),(71,'蓝月亮洗手液','2022-04-08 16:37:04','69.90','1.00',999,388,'5.00','http://127.0.0.1:8090/files/2022040839c5535a-e227-4b40-a9f8-85500ecc8359蓝月亮洗手液.jpg','蓝月亮 芦荟抑菌洗手液套装:洗手液瓶500g*3+瓶装补充装500g*3 抑菌率99.9% 家庭补充装 泡沫丰富',4,13,3),(72,'沙宣洗发水','2022-04-08 16:39:00','59.80','1.00',999,202,'5.00','http://127.0.0.1:8090/files/2022040865538526-7071-44ae-bb77-8f411ccefe3avs洗发液.jpg','沙宣洗发水自营 水润去屑750g 洗发露洗发水自营 去屑洗发水男士女士通用',4,13,0.75),(73,'(Ryo)洗发水','2022-04-08 16:41:52','56.00','1.00',99,408,'5.00','http://127.0.0.1:8090/files/20220408d20341d9-c740-427d-8f49-8b3fc0e0b913c346cabfd61fef6f.jpg','吕(Ryo)棕吕(原黄吕) 固发滋养洗发水550ml 强健发根 强韧发丝 韩国进口 棕吕洗发水',4,13,0.55),(74,'同仁堂何首乌洗发水','2022-04-08 16:43:53','118.00','1.00',99,453,'5.00','http://127.0.0.1:8090/files/20220408b9f84958-e084-4669-9adf-65ebd7bf1029118.jpg','北京同仁堂黑灵芝何首乌洗发水自然植萃洗发液滋养发根养护头皮亮发300ml',4,13,0.3),(75,'可悠然（KUYURA）','2022-04-08 16:46:39','136.00','1.00',999,139,'5.00','http://127.0.0.1:8090/files/20220408bbd97a34-9143-403f-8450-50ece70b02291.jpg','可悠然（KUYURA）香氛美肌沐浴露套装（欣怡幽香1000ml+恬静清香1000ml）（日本进口沐浴乳套装）',4,13,2),(76,'尊蓝海盐除螨沐浴','2022-04-08 16:47:59','69.90','1.00',888,322,'5.00','http://127.0.0.1:8090/files/202204083a1410cb-a531-4c2b-b8b1-8836acd2649a祛痘.jpg','尊蓝 海盐除螨沐浴露男士500ml（祛痘去螨虫氨基酸控油净肤止痒香氛沐浴液）',4,13,0.5),(77,'伦敦布格男士淡香水','2022-04-08 16:51:32','239.00','1.00',88,368,'5.00','http://127.0.0.1:8090/files/202204081dafebee-b992-4743-96f5-794e768775e311.jpg','伦敦布格男士淡香水 持久清新东方木质香调高雅睿智魅力男香 伦敦男士喷雾 100ml',4,13,0.1),(78,'迪奥（Dior）Sauvage','2022-04-08 16:53:32','365.00','1.00',88,293,'5.00','http://127.0.0.1:8090/files/2022040872289e1e-0c15-4253-b83a-ceb8d23d1453222.jpg','迪奥（Dior）Sauvage狂野旷野男士持久清新淡香水 木质清香 沐浴露200ml',4,13,0.2),(79,'极男SOULMAN 海盐','2022-04-08 16:56:52','49.50','1.00',99,266,'5.00','http://127.0.0.1:8090/files/20220408960294de-9209-4046-9c0d-a12b3c55571633.jpg','极男SOULMAN 海盐控油洗面奶男净痘洗面奶洁净控油（男士护肤 男士洗面奶深层清洁毛孔洁面乳）200g',4,13,0.2),(80,'HUAWEI P50 Pro','2022-04-08 17:11:00','5988.00','1.00',99,209,'5.00','http://127.0.0.1:8090/files/202204082012a5be-e3c5-475e-b041-aba305a6d770p50.jpg','华为/HUAWEI P50 Pro 原色双影像单元 万象双环设计 HarmonyOS 2 66W超级快充 8GB+256GB雪域白 华为手机',5,18,0.75),(81,'荣耀Magic4','2022-04-08 17:12:41','4499.00','1.00',99,168,'5.00','http://127.0.0.1:8090/files/2022040885ab6f4a-f72f-4c3c-9e2b-befff392f068荣耀.jpg','荣耀Magic4 全新一代骁龙8 双曲屏设计 LTPO屏幕 潜望式长焦摄像头 7P广角主摄 5G 全网通版 8GB+256GB 亮黑',5,18,0.7),(82,'Apple iPhone 13','2022-04-08 17:13:53','6799.00','1.00',1999,262,'5.00','http://127.0.0.1:8090/files/20220408bd315068-8d58-467e-8685-dc1762a77898苹果.jpg','Apple iPhone 13 (A2634) 256GB 午夜色 支持移动联通电信5G 双卡双待手机',5,18,1),(83,'HUAWEI P50 Pocket','2022-04-08 17:15:29','10988.00','1.00',10,149,'5.00','http://127.0.0.1:8090/files/2022040850feff08-239d-49c5-bb5c-b5981480c057pock.jpg','HUAWEI P50 Pocket 艺术定制版 超光谱影像系统 创新双屏操作体验 P50宝盒 12GB+512GB鎏光金 华为折叠屏手机',5,18,0.8),(84,'华为MateBook X Pro','2022-04-08 17:16:29','10499.00','1.00',888,442,'5.00','http://127.0.0.1:8090/files/202204087f00f8a0-e252-4786-915b-9605229307bd12.jpg','华为笔记本电脑MateBook X Pro 2022 14.2英寸11代酷睿i7 16G 512G锐炬显卡/3.1K触控全面屏/超级终端 深空灰',5,18,2.1),(85,'HUAWEI MatePad','2022-04-08 17:17:28','2399.00','1.00',99,217,'5.00','http://127.0.0.1:8090/files/20220408918c2c32-0eba-4bd4-8f68-49c40096b7d021.jpg','华为HUAWEI MatePad 10.4英寸悦动版 影音娱乐办公学习 专属教育中心 全面屏平板电脑6G+128G WIFI 曜石灰',5,18,1.2),(86,'ATCH GT 2022典藏款','2022-04-08 17:19:45','3588.00','1.00',1,287,'5.00','http://127.0.0.1:8090/files/20220408f3ee00a7-76be-4150-b8fb-b498d265981335.jpg',' 华为（HUAWEI）HUAWEI WATCH GT 2022典藏款 华为手表 智能手表 亮黑色',5,18,0.2),(87,'HUAWEI WATCH GT3','2022-04-08 17:20:36','1488.00','1.00',66,304,'5.00','http://127.0.0.1:8090/files/2022040839f51cef-125e-4481-a09d-afc716ba83553.jpg','华为HUAWEI WATCH GT3 华为手表 运动智能手表 两周长续航/蓝牙通话/血氧检测 活力款 46mm 黑色',5,18,0.2),(88,'HUAWEI FreeBuds 4E ','2022-04-08 17:21:31','679.00','1.00',77,295,'5.00','http://127.0.0.1:8090/files/20220408638e1611-2994-4df3-8d91-53e5c9ee24f9679.jpg','华为HUAWEI FreeBuds 4E 有线充版 无线耳机 半开放主动降噪真无线蓝牙入耳式耳机 冰霜银',5,18,0.3),(89,'三九感冒灵颗粒','2022-04-08 17:27:13','13.30','1.00',9995,474,'5.00','http://127.0.0.1:8090/files/2022040872b923e3-8ecc-43c7-aa1c-53b7f657696213.3.jpg','999三九感冒灵颗粒冲剂成人风热感冒药复方清热解毒解热镇痛头痛发热鼻塞流鼻涕咽痛咳嗽小儿',6,19,0.3),(90,'文斯可 复合维生素','2022-04-08 17:28:42','298.00','1.00',88,316,'5.00','http://127.0.0.1:8090/files/20220408519d7bf4-56b0-493a-82a5-0876f2ebbd02vis.jpg','文斯可 复合维生素c铁锌矿物质ve+vd儿童青少年成人孕妇男女士中老年叶酸补充多种营养维生素b族 维生素1瓶（限时！买2瓶送1瓶）',6,19,1.1),(91,'善存佳维牌','2022-04-08 17:29:46','130.70','1.00',99,122,'5.00','http://127.0.0.1:8090/files/20220408220f33c5-a25a-4fc4-92ac-3848e42aa003善存.jpg','善存佳维牌 佳维片 复合维生素 中老年 成人男女 营养素矿物质120片家庭装 提升免疫力 富含bcd vc e 叶酸',6,19,0.8),(92,'Swisse斯维诗','2022-04-08 17:30:35','299.00','1.00',99,412,'5.00','http://127.0.0.1:8090/files/20220408d383220d-f0dc-4f99-bf72-1b8be5525bb180.jpg','Swisse斯维诗 男士复合维生素 120片/瓶 含52种营养元素 维生素b 提高耐力与活力',6,19,1),(93,'Centrum小佳维','2022-04-08 17:31:31','59.00','1.00',88,210,'5.00','http://127.0.0.1:8090/files/202204087b6b008d-9d06-4003-8006-5db34402b56159.jpg',' 善存（Centrum）小佳维咀嚼片 儿童营养保健品 复合维生素c vc 40片香甜柠檬味',6,19,1),(94,'康比特SFMASS增肌粉','2022-04-08 17:34:05','258.00','1.00',99,206,'5.00','http://127.0.0.1:8090/files/2022040898f71323-574a-4e65-a67a-9b6577f78da1258.jpg','康比特SFMASS增肌粉 5磅大桶 香草味 瘦人增重粉增肥增胖健身运动营养蛋白粉',6,19,2),(95,' MUSCLETECH','2022-04-08 17:34:45','248.00','1.00',99,339,'5.00','http://127.0.0.1:8090/files/2022040893ab164a-955c-4f72-92da-2ccfc0f71661248.jpg',' 肌肉科技 MUSCLETECH 氮泵 肌酸高性能健身 运动补剂 氨基酸饮 混合水果味 342g',6,19,0.342),(96,'康比特肌酸 ','2022-04-08 17:36:58','228.00','1.00',999,118,'5.00','http://127.0.0.1:8090/files/20220408b9022404-4f27-4d22-8a22-74721f23b5eb228.jpg',' 康比特肌酸 蜜桃荔枝味 300g 健身运动肌酸粉男女健身粉一水肌酸',6,19,0.3),(97,'红牛牛磺酸强化型','2022-04-08 17:38:32','139.00','1.00',1000,385,'5.00','http://127.0.0.1:8090/files/20220408805ddd0c-470e-4432-a2b1-6cc9f2e1e5e3139.jpg','红牛 维生素功能饮料牛磺酸强化型 整箱24罐保健品蓝帽 250ml*24罐',6,19,6),(98,'汤臣倍健蛋白粉老年','2022-04-08 17:39:41','321.00','1.00',300,147,'5.00','http://127.0.0.1:8090/files/202204088f136ec3-2003-4255-ae05-25a600cb37e5321.jpg','汤臣倍健蛋白粉老年 乳清蛋白质粉增强免疫力老人保健品营养品补品 成人男女礼物礼盒600g',6,19,0.6),(99,'汤臣倍健蛋白粉老年','2022-04-08 17:39:42','321.00','1.00',300,167,'5.00','http://127.0.0.1:8090/files/202204088f136ec3-2003-4255-ae05-25a600cb37e5321.jpg','汤臣倍健蛋白粉老年 乳清蛋白质粉增强免疫力老人保健品营养品补品 成人男女礼物礼盒600g',6,19,0.6),(100,'星辉(Rastar) 遥控车','2022-04-08 17:42:51','198.00','1.00',99,111,'5.00','http://127.0.0.1:8090/files/20220408a0e90661-2d57-43ff-a6d3-b0c7a15bbf81198.jpg','星辉(Rastar) 遥控车法拉利F1 1:12遥控车模 赛车授权仿真车男孩儿童玩具车 红色 57400',7,20,1.3),(101,'星辉(Rastar)','2022-04-08 17:45:17','239.00','1.00',99,199,'5.00','http://127.0.0.1:8090/files/202204088d571aa4-5965-4373-9d44-25585aab4ffc239.jpg','星辉(Rastar) 遥控车 男孩儿童玩具车模 路虎卫士警车版前后开门USB充电电池1:14 78470 黑',7,20,1.5),(102,'YAMAHA吉他','2022-04-08 17:46:35','2729.00','1.00',100,199,'5.00','http://127.0.0.1:8090/files/20220408cd093f14-961a-4ea1-9f89-532065230f822729.jpg',' 雅马哈（YAMAHA）全新升级款FG830VN 北美型号单板民谣吉他 复古色面单木吉他41英寸 原木色玫瑰木背侧板',7,20,2),(103,'珠江钢琴','2022-04-08 17:47:30','18399.00','0.99',20,222,'5.00','http://127.0.0.1:8090/files/2022040828d79431-e634-475a-a62b-6c705582ba9b18399.jpg','珠江钢琴【北方气候专用】N-121京珠立式钢琴德国进口配件 高端家用考级教学通用1-10级88键丨赠送调律',7,20,50),(104,'ATTOP TOYS遥控飞机','2022-04-08 17:48:24','158.00','1.00',99,240,'5.00','http://127.0.0.1:8090/files/20220408bcb69aad-9a85-4dba-887c-bfdd28fcb9b9158.jpg','雅得(ATTOP TOYS)遥控飞机 功夫王耐摔航模直升飞机玩具无人机飞行器男孩节日礼物 615红色礼盒装',7,20,2),(105,'mosen智能电钢琴','2022-04-08 17:49:39','1368.00','1.00',49,326,'5.00','http://127.0.0.1:8090/files/202204087fc3b1e3-0235-4979-bcac-8db55605fdb01368.jpg','莫森(mosen)智能电钢琴MS-103P典雅黑 电子数码钢琴88键配重键盘 专业级+原装琴架+三踏板',7,20,20),(106,'灵动创想 奥特曼','2022-04-08 17:50:51','79.00','0.90',10,121,'5.00','http://127.0.0.1:8090/files/2022040879e1bcfc-5516-42e4-a8a2-1ed7d6d176ee79.jpg','灵动创想 奥特曼男孩女孩儿童变形玩具 宇宙英雄奥特必杀 迪迦奥特曼复合型ATM0201',7,20,1),(107,'乐高Ideas系列','2022-04-08 17:51:45','1769.00','1.00',100,174,'5.00','http://127.0.0.1:8090/files/202204087d0405bd-3b64-43b0-9c50-f68728c840e41769.jpg','乐高(LEGO)积木 Ideas系列 打字机21327 18岁+【D2C旗舰店限定款',7,20,2),(108,'乐高机械系列','2022-04-08 17:52:20','1769.00','1.00',100,305,'5.00','http://127.0.0.1:8090/files/20220408b73cdc00-bf47-4435-9cf0-28f2a11dd8fb1769.jpg','乐高(LEGO)积木 机械系列 42123 迈凯伦塞纳GTR 10岁+ 儿童玩具 赛车跑车超跑模型 男孩女孩成人生日礼物',7,20,2),(109,'乐高哈利·波特系列','2022-04-08 17:53:35','3969.00','1.00',99,287,'5.00','http://127.0.0.1:8090/files/202204086eff4d2f-6a25-4f22-9aaf-e749764eeabe3969.jpg','乐高LEGO 哈利·波特系列-霍格沃兹城堡71043 旗舰店限定款 ',7,20,3),(110,'HAZZYS POLO衫','2022-04-08 19:34:32','540.00','1.00',99,198,'5.00','http://127.0.0.1:8090/files/20220408141cdf5f-0683-4988-8e62-b64c2d28ef53540.jpg','【商场同款】哈吉斯HAZZYS 2022年春季新款男士耐洗固色短袖POLO衫男ASTZE02BX24 黑色BK 175/96A 48',8,21,0.2),(111,'中国李宁短袖','2022-04-08 19:36:53','499.00','1.00',100,186,'5.00','http://127.0.0.1:8090/files/20220408f3655b31-b2a0-4d2f-928e-214a8f37f3b5499.jpg','中国李宁短袖男女同款2022新品春季文化衫官方旗舰网AHSS098',8,21,0.2),(112,'中国李宁卫衣','2022-04-08 19:38:13','899.00','1.00',100,222,'5.00','http://127.0.0.1:8090/files/20220408ccb6c4b4-50e0-485e-909b-75217fe4be1c899.jpg','中国李宁卫衣男女同款宽松套头连帽外套官方旗舰网AWDR729 天鹅白-4 L',8,21,0.8),(113,'李宁男鞋跑步鞋','2022-04-08 19:39:32','758.00','1.00',99,184,'5.00','http://127.0.0.1:8090/files/202204085c720623-fcd8-4c6b-a1a3-f6383c15abc6758.jpg','李宁男鞋跑步鞋2022中国李宁烈骏ACE 2.0男子潮流运动鞋AZGS027 黑色-4 40',8,21,0.5),(114,'李宁男装球秋卫衣','2022-04-08 19:41:08','899.00','1.00',99,431,'5.00','http://127.0.0.1:8090/files/2022040865b81a59-278b-4294-8ea6-f5309bb0da9a900.jpg','李宁男装卫衣中国李宁秋冬潮流发布走秀系列男子宽松套头卫衣AWDRA23 黑色-4 L',8,21,0.7),(115,'三叶草STAN','2022-04-08 19:46:25','799.00','1.00',99,191,'5.00','http://127.0.0.1:8090/files/202204087971540a-4ccf-4c31-bb57-e05e8793ced2799.jpg','adidas阿迪达斯官网三叶草STAN SMITH男女经典运动鞋板鞋M20324 白/绿 40.5(250mm)',8,21,0.6),(116,'三叶草EQT','2022-04-08 19:47:58','609.00','1.00',69,364,'5.00','http://127.0.0.1:8090/files/2022040840f3a2af-e6cc-48b9-909c-61df3034b236609.jpg','adidas阿迪达斯官网三叶草EQT BASK ADV W女子经典运动鞋 白/粉/黑/EE5043 38(235mm)',8,21,0.5),(117,'adidas新款运动挎包','2022-04-08 19:50:18','149.00','1.00',100,200,'5.00','http://127.0.0.1:8090/files/202204086e793d36-aef1-4b99-ab8c-3418096e0a03149.jpg','adidas阿迪达斯官网男女新款休闲运动挎包HE2684 黑色 NS',8,21,0.4),(118,'AIR JORDAN 1','2022-04-08 19:53:10','999.00','1.00',88,497,'5.00','http://127.0.0.1:8090/files/2022040899a0f628-a615-45c4-ba86-44140fb09262999.jpg',' AIR JORDAN 1 MID SE AJ1 男子运动鞋 DH6933-100 42',8,21,0.8),(119,'AIR JORDAN 1H','2022-04-08 19:54:40','999.00','1.00',100,153,'5.00','http://127.0.0.1:8090/files/20220408bd6a564a-b94d-492c-83d1-0dc5688a482f1000.jpg','AIR JORDAN 1 MID AJ1 男子运动鞋 554724-082 42',8,21,0.9);

/*Table structure for table `product_category` */

DROP TABLE IF EXISTS `product_category`;

CREATE TABLE `product_category` (
  `category_id` int(11) NOT NULL AUTO_INCREMENT COMMENT '商品分类ID',
  `category_name` varchar(255) COLLATE utf8_unicode_ci NOT NULL COMMENT '商品分类名称',
  `parent_id` int(11) DEFAULT NULL,
  `status` int(11) DEFAULT NULL,
  `level` int(11) DEFAULT NULL,
  PRIMARY KEY (`category_id`) USING BTREE
) ENGINE=InnoDB AUTO_INCREMENT=38 DEFAULT CHARSET=utf8 COLLATE=utf8_unicode_ci ROW_FORMAT=DYNAMIC;

/*Data for the table `product_category` */

insert  into `product_category`(`category_id`,`category_name`,`parent_id`,`status`,`level`) values (2,'图书教育',0,1,1),(3,'家用电器',0,1,1),(4,'个护清洁',0,1,1),(5,'电子数码',0,1,1),(7,'玩具乐器',0,1,1),(8,'服饰衣物',0,1,1),(14,'电子书刊',2,1,2),(15,'电子书',2,1,2),(16,'网络原创',15,1,3),(17,'数字杂志小本本',14,1,3),(18,'多媒体图书',14,1,3),(32,'手机',5,1,2),(35,'电脑',5,1,2);

/*Table structure for table `shop` */

DROP TABLE IF EXISTS `shop`;

CREATE TABLE `shop` (
  `shop_id` bigint(20) NOT NULL AUTO_INCREMENT COMMENT '开店ID',
  `shop_name` varchar(255) COLLATE utf8_unicode_ci DEFAULT NULL COMMENT '店的名字',
  `username` varchar(255) COLLATE utf8_unicode_ci DEFAULT NULL COMMENT '店主名字',
  `owner_id` bigint(20) DEFAULT NULL,
  `create_time` timestamp NULL DEFAULT current_timestamp() COMMENT '开店时间',
  `income` double DEFAULT 0 COMMENT '收入',
  PRIMARY KEY (`shop_id`) USING BTREE
) ENGINE=InnoDB AUTO_INCREMENT=23 DEFAULT CHARSET=utf8 COLLATE=utf8_unicode_ci ROW_FORMAT=DYNAMIC;

/*Data for the table `shop` */

insert  into `shop`(`shop_id`,`shop_name`,`username`,`owner_id`,`create_time`,`income`) values (1,'任禹五味书屋','shop',2,'2021-12-21 14:12:12',419986.14999999985),(12,'哈市???','zeze',43,'2022-03-24 14:12:10',0),(13,'贵川小将军','caig',44,'2022-03-24 14:17:58',2),(14,'华为店铺','asdf',45,'2022-03-24 14:39:49',0),(15,'米家旗舰店','XiaoMi',46,'2022-03-24 15:03:26',13227),(16,'sdaf','ssss',51,'2022-03-25 14:27:24',0),(17,'老七的电器商城','dianqi',57,'2022-04-08 16:06:56',0),(18,'何老板的数码商城','shuma',58,'2022-04-08 17:00:31',0),(19,'彬彬大药房','yiyao',59,'2022-04-08 17:24:19',53.2),(20,'不懂孩子王','wanjudian',60,'2022-04-08 17:41:17',0),(21,'中外服饰工厂店','fushi',61,'2022-04-08 18:03:00',0),(22,'大大怪将军','shop02',62,'2022-04-14 00:02:39',0);

/*Table structure for table `user` */

DROP TABLE IF EXISTS `user`;

CREATE TABLE `user` (
  `user_id` bigint(20) unsigned NOT NULL AUTO_INCREMENT COMMENT '用户ID',
  `username` varchar(255) COLLATE utf8_unicode_ci NOT NULL COMMENT '用户名，用于登录',
  `password` varchar(255) COLLATE utf8_unicode_ci DEFAULT '12345' COMMENT '登录密码',
  `real_name` varchar(255) COLLATE utf8_unicode_ci DEFAULT '' COMMENT '真实姓名',
  `role` varchar(255) COLLATE utf8_unicode_ci DEFAULT 'user' COMMENT '用户角色，0客户，1店家，2管理员',
  `avatar` varchar(255) COLLATE utf8_unicode_ci DEFAULT 'https://cube.elemecdn.com/3/7c/3ea6beec64369c2642b92c6726f1epng.png' COMMENT '用户头像',
  `age` int(11) DEFAULT 0 COMMENT '年龄',
  `sex` varchar(255) COLLATE utf8_unicode_ci DEFAULT '男' COMMENT '性别',
  `address` varchar(255) COLLATE utf8_unicode_ci DEFAULT NULL COMMENT '地址',
  `telephone` varchar(255) COLLATE utf8_unicode_ci DEFAULT '' COMMENT '电话号码',
  `status` int(255) DEFAULT 1 COMMENT '当前状态，管理员可拉黑用户和店家',
  `money` double(255,2) DEFAULT 0.00 COMMENT '用户剩余资金，用于购买商品',
  `create_time` timestamp NULL DEFAULT current_timestamp() COMMENT '账号创建时间',
  `email` varchar(255) COLLATE utf8_unicode_ci DEFAULT NULL COMMENT '电子邮件',
  PRIMARY KEY (`user_id`) USING BTREE
) ENGINE=InnoDB AUTO_INCREMENT=64 DEFAULT CHARSET=utf8 COLLATE=utf8_unicode_ci ROW_FORMAT=DYNAMIC;

/*Data for the table `user` */

insert  into `user`(`user_id`,`username`,`password`,`real_name`,`role`,`avatar`,`age`,`sex`,`address`,`telephone`,`status`,`money`,`create_time`,`email`) values (1,'admin','81dc9bdb52d04dc20036dbd8313ed055','张三','admin','https://gimg2.baidu.com/image_search/src=http%3A%2F%2Fup.enterdesk.com%2Fedpic_source%2F30%2F90%2F40%2F309040a0602c672cebc6ab3a1bbbc8cd.jpg&refer=http%3A%2F%2Fup.enterdesk.com&app=2002&size=f9999,10000&q=a80&n=0&g=0n&fmt=auto?sec=1650809739&t=c0e9432c7f9e',18,'男','四川省成都市金牛区','18100000001',1,1423.50,'2021-12-10 21:08:24','1234@qq.com'),(2,'shop','81dc9bdb52d04dc20036dbd8313ed055','杰克森的宝藏店','shop','https://gimg2.baidu.com/image_search/src=http%3A%2F%2Fup.enterdesk.com%2Fedpic%2F90%2Fd5%2F13%2F90d513f306c22d4fb218418e12468fc8.jpg&refer=http%3A%2F%2Fup.enterdesk.com&app=2002&size=f9999,10000&q=a80&n=0&g=0n&fmt=auto?sec=1650853445&t=10190a0cf766dcf0abe',18,'男','四川省成都市金牛区','12345678901',1,0.00,'2021-12-10 21:08:24',NULL),(3,'user','81dc9bdb52d04dc20036dbd8313ed055','as','user','https://img1.baidu.com/it/u=1776907899,2292736324&fm=26&fmt=auto',24,'男','四川省成都市金牛区','13438909884',1,120659.75,'2021-12-10 21:08:24','123@qq.com'),(44,'caig','81dc9bdb52d04dc20036dbd8313ed055','哈哈怪小将军','shop','https://cube.elemecdn.com/3/7c/3ea6beec64369c2642b92c6726f1epng.png',0,'男',NULL,'126932',1,0.00,'2022-03-24 14:17:58',NULL),(45,'asdf','81dc9bdb52d04dc20036dbd8313ed055','试试','user','https://cube.elemecdn.com/3/7c/3ea6beec64369c2642b92c6726f1epng.png',0,'男',NULL,'18882029070',1,0.00,'2022-03-24 14:39:49',NULL),(46,'XiaoMi','81dc9bdb52d04dc20036dbd8313ed055','米家旗舰店','shop','https://cube.elemecdn.com/3/7c/3ea6beec64369c2642b92c6726f1epng.png',0,'男',NULL,'12332112332',1,0.00,'2022-03-24 15:03:26',NULL),(51,'ssss','81dc9bdb52d04dc20036dbd8313ed055','睡啥睡','user','http://127.0.0.1:8090/files/20220413f45709f8-fd04-45ec-ac9b-e127084b0339001.png',0,'男',NULL,'13438909995',1,112.80,'2022-03-25 14:27:24',NULL),(56,'何书武','81dc9bdb52d04dc20036dbd8313ed055','何书武','user','http://127.0.0.1:8090/files/202204017d4a0311-726d-497b-b6a2-baf12315f0aft0115b44fec3f80abde.jpg',20,'男','四川成都','13524829910',1,805672.50,'2022-04-01 09:31:29','123'),(57,'dianqi','81dc9bdb52d04dc20036dbd8313ed055','邱思七','shop','https://cube.elemecdn.com/3/7c/3ea6beec64369c2642b92c6726f1epng.png',0,'男',NULL,'13489894004',1,0.00,'2022-04-08 16:06:56',NULL),(58,'shuma','81dc9bdb52d04dc20036dbd8313ed055','何书武','shop','http://127.0.0.1:8090/files/202204081f9b0f54-a179-4cbd-8b01-53ee4e2cc03eright.png',0,'男',NULL,'13556749918',1,0.00,'2022-04-08 17:00:31',NULL),(59,'yiyao','81dc9bdb52d04dc20036dbd8313ed055','邓彬','shop','http://127.0.0.1:8090/files/202204084daeff7f-1192-498b-a9a3-a0080484737e睡着啦.jpg',0,'男',NULL,'13668909911',1,0.00,'2022-04-08 17:24:19',NULL),(60,'wanjudian','81dc9bdb52d04dc20036dbd8313ed055','董文靖','shop','http://127.0.0.1:8090/files/202204086d7e1390-e66c-4a75-a725-fc87a5fe637f001.png',0,'男',NULL,'17780748571',1,0.00,'2022-04-08 17:41:17',NULL),(61,'fushi','81dc9bdb52d04dc20036dbd8313ed055','董文靖','shop','https://cube.elemecdn.com/3/7c/3ea6beec64369c2642b92c6726f1epng.png',0,'男',NULL,'13557654332',1,0.00,'2022-04-08 18:03:00',NULL),(62,'shop02','81dc9bdb52d04dc20036dbd8313ed055','小张','shop','https://cube.elemecdn.com/3/7c/3ea6beec64369c2642b92c6726f1epng.png',0,'男',NULL,'17780613891',1,0.00,'2022-04-14 00:02:39',NULL),(63,'aaa','81dc9bdb52d04dc20036dbd8313ed055','','user','https://cube.elemecdn.com/3/7c/3ea6beec64369c2642b92c6726f1epng.png',0,'男',NULL,'',1,676.00,'2022-04-14 10:49:05',NULL);

/*!40101 SET SQL_MODE=@OLD_SQL_MODE */;
/*!40014 SET FOREIGN_KEY_CHECKS=@OLD_FOREIGN_KEY_CHECKS */;
/*!40014 SET UNIQUE_CHECKS=@OLD_UNIQUE_CHECKS */;
/*!40111 SET SQL_NOTES=@OLD_SQL_NOTES */;
